title,company,location,tags,salary
Managing Director New England,IntraFi,Remote,"director,support,growth,travel,financial,management,senior,sales",Not Mentioned
Tax AI Expert,Weekday,India,"technical,support,growth,payroll,financial,finance,analytics",Not Mentioned
Director of Revenue Operations,Practice Better,Canada,"director,financial,banking,management,operations,health,recruitment,non tech",Not Mentioned
Regional Sales Executive,Pivotal Health,Remote,"system,financial,finance,senior,operational,sales,medical,health,healthcare,executive",Not Mentioned
Territory Account Manager,TENEX.AI,Remote,"manager,saas,security,technical,growth,travel,devops,cloud,sales,engineering,executive",Not Mentioned
HQ AI Enablement Lead,Everfield,Remote,"saas,teaching,training,consulting,consult,technical,support,software,code,travel,financial,strategy,management,lead,operational",Not Mentioned
Medical Director for Health Plan,Evry Health,Remote,"director,training,management,lead,medical,health,healthcare,full-time,non tech",Not Mentioned
Vice President of Marketing,Pine Services Group,Remote,"consulting,ceo,software,growth,voice,investment,leader,strategy,lead,content,senior,operations,marketing,sales,executive",Not Mentioned
Technical Account Manager,Clariti Cloud Inc.,Remote,"manager,technical,cloud,lead",Not Mentioned
Implementation Specialist,Submittable,"Remote, U.S.","training,support,software,director,health,full-time",Not Mentioned
Proposal Manager @Advizex,Advizex,Remote,"manager,strategy,management,content,operations,executive",Not Mentioned
B2B Marketing Manager,Montu UK,Germany,"manager,support,web,video,strategy,lead,content,marketer,marketing,sales,health,healthcare,non tech",Not Mentioned
Senior Tech Lead Mobile Developer Risora,SKELAR,Kyiv,"developer,swift,full-stack,cto,code,postgresql,node,node.js,api,mobile,lead,senior,digital nomad",Not Mentioned
Full Stack Product Engineer,Pivotal Health,Los Angeles ,"react,system,frontend,technical,software,ui,web,cloud,operations,operational,medical,health,healthcare,engineer,engineering,backend",Not Mentioned
WorkWave Senior Data Analytics Engineer,WorkWave,Remote,"technical,senior,analytics,engineer,engineering",Not Mentioned
Paid Media Manager,Terra,Remote,"manager,strategist,strategy",Not Mentioned
Registered Clinical Social Work Intern Spanish Speaking,Brave Health,Remote,"recruiter,support,growth,video,education,senior,medical,health,healthcare",Not Mentioned
Saint Gobain Application Sales Director,GML A/S,Remote,"director,ceo,management,lead,sales,non tech",Not Mentioned
Trainer EMEA,360Learning,"Paris, Remote","trainer,teaching,training,technical,support,admin,strategy,executive",Not Mentioned
Data Engineer,Pivotal Health,Los Angeles ,"design,salesforce,python,technical,support,software,analyst,devops,cloud,postgresql,analytics,medical,health,healthcare,engineer,engineering,digital nomad",Not Mentioned
Overnight Neuroradiologist Partner Track 10p 7a MST 7 on 14 off,Diversified Radiology,Remote,"system,teaching,assistant,fellowship,full-time",Not Mentioned
Full Stack Developer,Envision Horizons LLC,Remote,"developer,c#,amazon,react,system,front-end,technical,support,software,growth,code,web,voice,financial,css,strategy,senior,reliability,health,recruiting,engineering,recruitment,backend,ecommerce,e-commerce,digital nomad",Not Mentioned
TEST JOB,Fleetio,"Remote - USA, CAN, MEX","test,software,rails",Not Mentioned
Bilingual Legal Personal Injury,Distro,BogotÃ¡,"system,web,management,legal",Not Mentioned
Controller,MissionWired,"Washington, DC - Remote Flexibility","controller,saas,system,support,software,testing,travel,manager,accounting,financial,finance,management,lead,operations,excel,sales,health",Not Mentioned
Neurologist TX Licensed BC PT FT Fully Virtual,TeleMed2U,Remote,"management,health,healthcare,neurology,non tech",Not Mentioned
Senior Account Executive Publishers,Zeta Global,Remote,"system,cloud,senior,marketing,sales,go,executive,ecommerce",Not Mentioned
Strategy & Operations,TLDR,Remote,"design,software,growth,strategy,management,operations,operational,go,engineering,digital nomad",Not Mentioned
Applied AI Engineer Europe,Amigo,Amsterdam,"system,python,technical,support,software,testing,code,investment,git,api,leader,operational,reliability,go,health,healthcare,engineer,engineering",Not Mentioned
UX UI Designer â AI Application,0g Labs,Remote,"ui,ux,design,system,designer,technical,web,speech,strategy,health,digital nomad",Not Mentioned
Corporate Counsel,May Mobility,Remote,"system,support,operations,marketing,legal,go",Not Mentioned
Senior Backend Engineer Build AI Agents,Salesforge,Remote,"golang,senior,sales,engineer,backend",Not Mentioned
Bookkeeper,Vidinext,Remote,"other,accounting,finance",Not Mentioned
Mid Senior AI Video Artist,EverAI,Remote,"marketing,video,ai",Not Mentioned
Account Executive III,Sumo Logic,Melbourne,"saas,salesforce,security,technical,web,devops,cloud,management,lead,analytics,sales,executive",Not Mentioned
Senior Director Sales and Operations Planning,OLLY,Remote,"director,leader,senior,operations,sales,non tech",Not Mentioned
VP Creative Director,Noodle,"Remote, United States","director,design,support,web,travel,video,education,leader,strategy,management,lead,content,senior,operational,marketing,analytics,sales,digital nomad",Not Mentioned
Associate Director Solutions,YipitData (Alternative),US Remote,"director,technical,investment,analytics",Not Mentioned
Technical Program Manager â Platform Migration,Cayuse,Remote,"manager,technical,support,test,growth,strategy,lead,senior,operational,health,engineering",Not Mentioned
Principal Customer Solutions Architect,Caylent,CANADA,"architect,design,amazon,security,technical,web,cloud,lead,sales,executive,digital nomad",Not Mentioned
Senior Security Engineer,Bridgewater Associates,Remote,"security,technical,recruiter,developer,software,test,code,investment,cloud,management,senior,engineer,engineering,full-time,digital nomad",Not Mentioned
Business Development Director,Connections Health Solutions,Remote,"director,medical,health",Not Mentioned
Insurance Verifications Specialist,Cranial Technologies,Remote,full-time,Not Mentioned
Frontend Engineer,CareerVillage.org,"Remote, United States","frontend,technical,software,code,web,engineer,backend,full-time",Not Mentioned
Healthcare Account Executive,Vonage,Remote,"software,growth,cloud,api,leader,management,lead,sales,healthcare,executive",Not Mentioned
Senior CAD Backend Engineer Mechanical CAD Automation,Foundation EGI,Remote,"design,python,3d,senior,engineer,engineering,backend,digital nomad",Not Mentioned
Solution Engineer I,"Onit, Inc.","Pune, Maharashtra","support,software,growth,code,css,microsoft,management,lead,operations,legal,engineer",Not Mentioned
Senior Data Engineer,Capnexus,Remote,"amazon,system,software,cloud,api,lead,senior,engineer,engineering",Not Mentioned
Senior App &amp; Frontend Developer AS233,Smart Working Solutions,Remote,"frontend,developer,embedded,architect,technical,testing,growth,cloud,management,senior,junior,marketing,analytics,engineering,apache,digital nomad",Not Mentioned
Provider Services Analyst I,Trend Health Partners,Remote,"analyst,support,software,financial,microsoft,leader,legal,medical,health,healthcare",Not Mentioned
PPC & Amazon Strategist,Trivium,Remote,"amazon,strategist,growth,video,ads,strategy,lead,senior,marketing,analytics,sales,full-time",Not Mentioned
Data Scientist,Junction,Remote,"python,technical,cloud,management,lead,analytics,health,healthcare,engineering",Not Mentioned
Shift Lead Downtown,DoorDash USA,"Dallas, TX","support,management,lead,operations,go",Not Mentioned
Senior Site Reliability Engineer,Pave Bank,Kuala Lumpur,"crypto,system,security,technical,support,code,financial,fintech,banking,finance,bank,cloud,senior,operations,operational,reliability,engineer",Not Mentioned
Principal Product Manager,Oportun,Remote,"manager,growth,financial,management,lead,marketing",Not Mentioned
High Paying Hourly Enrollment Specialist,VP Education Group,Remote,customer support,Not Mentioned
Search Engine Evaluation Specialist Freelance AI Trainer Project,Invisible Agency,United States of America,"trainer,design,training,digital nomad",Not Mentioned
Senior Security Engineer Vulnerability & Exposure Management,Bridgewater Associates Referrals,Remote,"security,investment,management,senior,engineer",Not Mentioned
Partner Sales Manager,Prophecy,San Francisco,"manager,design,cloud,operational,marketing,sales,digital nomad",Not Mentioned
Associate Product Manager,Automox,"Austin, TX","manager,security,support,ux,director,management,senior,engineering",Not Mentioned
Director Human Resources,Cordance,United States,"director,saas,hr,software,growth,financial,leader,senior",Not Mentioned
Senior Software Engineer Payments & Monetization,Mighty Networks,Remote,"software,frontend,full-stack,mobile,senior,engineer,backend",Not Mentioned
Senior Lead Applied Data Scientist,StyleSeat,Remote,"technical,lead,senior",Not Mentioned
Customer Success Manager,Wholesail,Remote,"manager,accounting,financial,operational,go",Not Mentioned
Senior Cloud Engineer,DV Trading,Remote,"crypto,cryptocurrency,security,support,financial,investment,cloud,management,lead,senior,operational,engineer,engineering",Not Mentioned
Senior Account Manager,Keyloop,South Africa,"manager,training,support,growth,director,travel,investment,senior,operational,sales",Not Mentioned
Manager Digital Media Strategy,"Adswerve, Inc",Remote,"manager,consultancy,technical,support,strategy,lead,senior",Not Mentioned
Digital Media Strategist,"Adswerve, Inc",Remote,"consultancy,architect,technical,strategist,testing,growth,strategy,lead,executive",Not Mentioned
Product Manager ChartCheck,Radformation,Remote,manager,Not Mentioned
Product Growth Marketer,Happily,Remote,"marketing,product",Not Mentioned
Crypto Trader,Fox GLobal Assets,Remote,"finance,education,crypto,legal,junior,web3,blockchain,defi,part time,other,stats,ops",Not Mentioned
Software Engineer Identity & Access,Patreon,Remote,"software,security,python,support,testing,growth,code,senior,reliability,engineer,engineering",Not Mentioned
Technical Implementations Lead US,Smile Digital Health,Remote US,"system,security,python,technical,support,software,javascript,java,cloud,management,lead,medical,health,healthcare,engineering",Not Mentioned
Manager Healthcare Data Analytics,Habitat Health,Remote,"manager,support,analytics,medical,health,healthcare,non tech",Not Mentioned
Account Executive Collections Credit Card,BHG Financial,Remote,"training,growth,finance,financial,management,executive",Not Mentioned
Sr Technical Program Manager Order Management Services,Natera,US Remote,"manager,system,technical,management,lead,operational,reliability,engineering",Not Mentioned
Nurse Care Manager MST,Evergreen Nephrology,Remote,"manager,system,healthcare",Not Mentioned
Manager Care Team Assistant,Imagine Pediatrics,Remote,"manager,assistant,coordinator,support,health,non tech",Not Mentioned
Senior Product Manager Applied AI,Smartsheet,Remote,"manager,director,management,senior,junior",Not Mentioned
Revenue Specialist First Party Auto MVA,EnableComp,Remote,"system,security,support,growth,financial,education,management,health,healthcare",Not Mentioned
SVP Sales,InMarket,Remote,"growth,mobile,leader,lead,operational,marketing,sales",Not Mentioned
Senior Technical Lead,Calibrate Group AI,Remote,engineer,Not Mentioned
Product Engineer,SuperPlane,Remote,"senior,engineer,exec",Not Mentioned
Interior Design Specifier,Bold Business,"India, Latin America, Philippines","design,designer,technical,support,code,strategy,lead,sales,digital nomad",Not Mentioned
Software Engineer Android,Superhuman,Berlin,"software,design,technical,support,ui,assistant,mobile,android,health,engineer,recruitment,educational,full-time,digital nomad",Not Mentioned
Product Manager Data Platform,Spotify,Toronto,"manager,growth",Not Mentioned
Senior EDI e invoicing Integration Engineer with English and German French Italian Chinese,ecosio,Remote,"saas,system,technical,web,cloud,senior,engineer,engineering",Not Mentioned
Field Marketing Manager,Brandwatch,Remote,"manager,growth,voice,strategy,lead,content,marketer,marketing,sales",Not Mentioned
Creative Strategist,Maneuver Marketing,Remote,"strategist,support,testing,growth,financial,video,ads,strategy,content,marketing,health,educational",Not Mentioned
Creative Strategist,Maneuver Marketing,Remote,"strategist,testing,growth,financial,strategy,marketing,health",Not Mentioned
Data Analyst,Criptoro,Remote,"other,analyst,crypto,defi,blockchain,web3",Not Mentioned
Imaging Research and Development Associate,Alimentiv,Remote,"design,training,support,voice,management,operational,digital nomad",Not Mentioned
Learning and Development Specialist,Headlight,Remote,"system,training,support,adult,microsoft,management,content,operational,health,healthcare",Not Mentioned
VP of Engineering,Sureify,US,"technical,software,lead,operational,engineering",Not Mentioned
Licensed Mental Health Counselor,LifeStance Health,"Tacoma, WA","lead,medical,health,healthcare,full-time,non tech",Not Mentioned
Business Development Representative Enterprise,Spellbook,Remote,"saas,support,software,test,manager,microsoft,lead,legal,sales,health,recruitment",Not Mentioned
Project Manager I,TEECOM,Remote - United States,"manager,training,designer,recruiter,support,travel,financial,microsoft,management,lead,operations,operational,legal,reliability,health,recruiting,recruitment,full-time,non tech",Not Mentioned
Customer Success Engineer,Wrike,US,"saas,training,technical,investment,management,lead,senior,engineer",Not Mentioned
